episode,target,kind,target_x,target_y,camera,split,task_index,red_cube_x,red_cube_y,blue_cube_x,blue_cube_y,green_cylinder_x,green_cylinder_y,yellow_box_x,yellow_box_y
1,red_cube,nominal,0.22,-0.08,table,train,0,0.22,-0.08,-0.0219,0.1978,0.1363,-0.0001,0.1788,-0.1645
2,red_cube,nominal,0.22,-0.08,table,train,0,0.22,-0.08,0.3087,-0.1789,0.4525,0.1993,0.2899,0.1635
3,red_cube,nominal,0.22,-0.08,table,train,0,0.22,-0.08,0.5038,0.1212,0.1385,-0.1519,0.3777,-0.1507
4,red_cube,nominal,0.22,-0.08,table,train,0,0.22,-0.08,0.4679,0.0966,0.4829,-0.1597,0.5379,0.0013
5,red_cube,x_var,0.2,-0.08,table,train,0,0.2,-0.08,0.2624,0.2054,0.3569,-0.0304,0.4271,-0.0698
6,red_cube,x_var,0.21,-0.08,table,train,0,0.21,-0.08,0.2465,-0.1716,0.5182,-0.0914,0.3583,0.1076
7,red_cube,x_var,0.23,-0.08,table,train,0,0.23,-0.08,0.5406,0.0133,0.3523,0.0094,0.3333,-0.1246
8,red_cube,x_var,0.24,-0.08,table,train,0,0.24,-0.08,0.1322,-0.0946,0.347,0.1208,0.4276,0.0168
9,red_cube,y_var,0.22,-0.1,table,train,0,0.22,-0.1,0.424,0.0915,0.5328,0.1201,0.1471,-0.0425
10,red_cube,y_var,0.22,-0.09,table,train,0,0.22,-0.09,0.4972,0.1774,0.4208,-0.0101,0.5452,-0.1067
11,red_cube,y_var,0.22,-0.07,table,train,0,0.22,-0.07,0.3078,-0.1699,0.1275,0.0398,0.2788,0.2066
12,red_cube,y_var,0.22,-0.06,table,train,0,0.22,-0.06,0.5305,-0.1382,0.2859,-0.1089,0.0986,0.0768
13,red_cube,heldout,0.22,-0.08,heldout,heldout,0,0.22,-0.08,0.0804,-0.1645,0.3857,-0.0479,-0.0106,0.2064
14,red_cube,heldout,0.21,-0.08,heldout,heldout,0,0.21,-0.08,0.4603,0.141,0.3668,-0.0939,0.1458,0.0315
15,red_cube,heldout,0.22,-0.07,heldout,heldout,0,0.22,-0.07,0.3551,-0.1374,0.5245,0.0847,0.3374,0.2078
16,blue_cube,nominal,0.12,-0.06,table,train,1,0.2686,-0.1513,0.12,-0.06,0.3562,0.1834,0.4746,-0.1441
17,blue_cube,nominal,0.12,-0.06,table,train,1,0.1843,-0.1789,0.12,-0.06,0.3244,-0.1852,0.3548,-0.0904
18,blue_cube,nominal,0.12,-0.06,table,train,1,0.4996,0.107,0.12,-0.06,0.4716,-0.0845,-0.0087,0.2033
19,blue_cube,nominal,0.12,-0.06,table,train,1,0.022,0.2195,0.12,-0.06,0.4886,0.1338,0.4335,-0.0711
20,blue_cube,x_var,0.09999999999999999,-0.06,table,train,1,0.5355,-0.1194,0.09999999999999999,-0.06,0.2405,-0.1371,0.4051,0.0863
21,blue_cube,x_var,0.11,-0.06,table,train,1,0.197,-0.1148,0.11,-0.06,0.4552,0.1497,0.2999,-0.177
22,blue_cube,x_var,0.13,-0.06,table,train,1,0.5447,0.0298,0.13,-0.06,0.0462,-0.1612,0.0877,0.1042
23,blue_cube,x_var,0.13999999999999999,-0.06,table,train,1,0.2637,0.2126,0.13999999999999999,-0.06,0.308,-0.1441,0.4765,-0.0135
24,blue_cube,y_var,0.12,-0.08,table,train,1,0.0457,-0.168,0.12,-0.08,0.1793,-0.1705,0.4514,0.0795
25,blue_cube,y_var,0.12,-0.06999999999999999,table,train,1,0.3644,0.0009,0.12,-0.06999999999999999,0.2942,-0.1261,0.3777,0.0985
26,blue_cube,y_var,0.12,-0.049999999999999996,table,train,1,0.4807,0.2005,0.12,-0.049999999999999996,0.4213,-0.0597,0.5371,0.0802
27,blue_cube,y_var,0.12,-0.039999999999999994,table,train,1,0.4296,-0.1423,0.12,-0.039999999999999994,0.09,0.0997,0.5231,-0.1235
28,blue_cube,heldout,0.12,-0.06,heldout,heldout,1,0.157,-0.1441,0.12,-0.06,0.4553,-0.018,0.478,-0.126
29,blue_cube,heldout,0.11,-0.06,heldout,heldout,1,0.3439,0.2173,0.11,-0.06,0.1916,-0.1717,0.0566,-0.1531
30,blue_cube,heldout,0.12,-0.049999999999999996,heldout,heldout,1,0.3639,0.1512,0.12,-0.049999999999999996,0.4114,-0.0517,0.3273,0.0191
31,green_cylinder,nominal,0.135,0.02,table,train,2,0.5317,0.0322,0.3586,-0.0189,0.135,0.02,0.0988,0.1681
32,green_cylinder,nominal,0.135,0.02,table,train,2,0.423,0.0587,0.3637,0.1957,0.135,0.02,0.255,-0.1887
33,green_cylinder,nominal,0.135,0.02,table,train,2,0.2194,-0.1322,0.42,-0.0618,0.135,0.02,0.0573,-0.1795
34,green_cylinder,nominal,0.135,0.02,table,train,2,0.4924,0.1115,0.0543,-0.1243,0.135,0.02,0.3617,-0.0625
35,green_cylinder,x_var,0.115,0.02,table,train,2,0.4642,0.0115,0.139,-0.0843,0.115,0.02,0.0297,-0.1573
36,green_cylinder,x_var,0.125,0.02,table,train,2,0.4693,0.1614,0.4084,-0.1394,0.125,0.02,0.4988,-0.1402
37,green_cylinder,x_var,0.14500000000000002,0.02,table,train,2,0.1763,-0.0622,0.409,-0.1302,0.14500000000000002,0.02,-0.0101,-0.1462
38,green_cylinder,x_var,0.155,0.02,table,train,2,0.1173,-0.1283,0.222,-0.1568,0.155,0.02,0.4007,0.1725
39,green_cylinder,y_var,0.135,0.0,table,train,2,0.1273,-0.1691,-0.0207,-0.1755,0.135,0.0,0.4274,0.0516
40,green_cylinder,y_var,0.135,0.01,table,train,2,0.4993,0.1611,0.0191,-0.1378,0.135,0.01,0.5441,0.0517
41,green_cylinder,y_var,0.135,0.03,table,train,2,0.3768,-0.1593,0.5119,0.0801,0.135,0.03,0.235,-0.0907
42,green_cylinder,y_var,0.135,0.04,table,train,2,0.1971,-0.1181,0.2695,-0.08,0.135,0.04,0.436,0.058
43,green_cylinder,heldout,0.135,0.02,heldout,heldout,2,0.4943,0.2055,0.3617,-0.1714,0.135,0.02,0.3918,0.1022
44,green_cylinder,heldout,0.125,0.02,heldout,heldout,2,0.372,0.1901,0.2621,-0.1065,0.125,0.02,0.3611,-0.1807
45,green_cylinder,heldout,0.135,0.03,heldout,heldout,2,0.5037,-0.065,0.2186,-0.0799,0.135,0.03,0.1368,-0.1062
46,yellow_box,nominal,0.1,0.09,table,train,3,0.1067,0.2045,0.4965,0.0759,0.359,-0.0481,0.1,0.09
47,yellow_box,nominal,0.1,0.09,table,train,3,0.1018,0.1899,0.4519,-0.1081,0.2231,-0.1373,0.1,0.09
48,yellow_box,nominal,0.1,0.09,table,train,3,0.1676,-0.103,0.3808,0.1429,0.3078,-0.1232,0.1,0.09
49,yellow_box,nominal,0.1,0.09,table,train,3,0.501,0.026,0.2939,-0.0864,0.4759,0.1045,0.1,0.09
50,yellow_box,x_var,0.08,0.09,table,train,3,0.2541,-0.1591,0.1037,-0.1346,0.0699,0.2169,0.08,0.09
51,yellow_box,x_var,0.09000000000000001,0.09,table,train,3,0.4429,0.0004,0.2514,-0.1141,0.4894,-0.144,0.09000000000000001,0.09
52,yellow_box,x_var,0.11,0.09,table,train,3,0.5275,0.1696,0.1885,-0.1361,-0.0228,-0.1668,0.11,0.09
53,yellow_box,x_var,0.12000000000000001,0.09,table,train,3,0.4334,0.0202,0.2923,0.1865,0.0895,-0.1026,0.12000000000000001,0.09
54,yellow_box,y_var,0.1,0.06999999999999999,table,train,3,0.0724,0.1977,0.1222,-0.0218,0.3279,0.1659,0.1,0.06999999999999999
55,yellow_box,y_var,0.1,0.08,table,train,3,0.4608,0.1698,0.1415,-0.1099,0.3263,0.0029,0.1,0.08
56,yellow_box,y_var,0.1,0.09999999999999999,table,train,3,0.0167,-0.1442,0.206,-0.0733,0.4728,-0.0597,0.1,0.09999999999999999
57,yellow_box,y_var,0.1,0.11,table,train,3,0.1277,-0.0036,0.3818,-0.0944,0.1882,-0.0802,0.1,0.11
58,yellow_box,heldout,0.1,0.09,heldout,heldout,3,0.1244,-0.1733,0.4095,-0.1701,0.4988,-0.0674,0.1,0.09
59,yellow_box,heldout,0.09000000000000001,0.09,heldout,heldout,3,0.4153,0.1462,0.5237,-0.0721,0.3215,0.1849,0.09000000000000001,0.09
60,yellow_box,heldout,0.1,0.09999999999999999,heldout,heldout,3,0.3212,0.0022,0.5234,-0.1779,-0.0154,-0.1632,0.1,0.09999999999999999
