seed,stamp,camera,object_id,gt_class,yolo_class,verdict,cachee,tronquee,confidence,iou,u_yolo,v_yolo,u_gt,v_gt,pixel_error,x_min,y_min,x_max,y_max,poids,seuil
6,15.400000000,synth_camera,bac_bleu,bac_bleu,bac_bleu,TP,False,False,0.6516,0.9352,346.0,402.0,346.5,403.97,2.03,301,367,391,437,best.pt,0.1
6,15.400000000,synth_camera,bac_vert,bac_vert,bac_vert,TP,False,False,0.7019,0.9236,451.0,382.5,452.25,384.25,2.15,403,350,499,415,best.pt,0.1
6,15.400000000,synth_camera,cube_bleu,cube_bleu,cube_bleu,TP,False,True,0.5955,0.9149,310.0,458.5,310.73,459.73,1.43,283,438,337,479,best.pt,0.1
6,15.400000000,synth_camera,pave_jaune,pave_jaune,pave_jaune,TP,False,True,0.8033,0.8897,234.0,461.5,234.84,462.78,1.53,214,444,254,479,best.pt,0.1
6,15.400000000,synth_camera,cube_rouge,cube_rouge,cube_rouge,TP,False,True,0.1194,0.8186,159.0,462.5,159.35,463.33,0.9,134,445,184,480,best.pt,0.1
6,15.400000000,synth_camera,cylindre_vert,cylindre_vert,cylindre_vert,TP,False,False,0.4156,0.684,242.0,357.0,242.76,362.2,5.25,226,337,258,377,best.pt,0.1
6,15.400000000,synth_camera,bac_rouge,bac_rouge,,FN,False,False,,,,,,,,,,,,best.pt,0.1
6,15.400000000,synth_camera,bac_jaune,bac_jaune,,FN,False,True,,,,,,,,,,,,best.pt,0.1
6,15.400000000,synth_camera,,,bac_bleu,FP,,,0.1446,,,,,,,287,278,353,336,best.pt,0.1
6,15.400000000,synth_camera_left,bac_rouge,bac_rouge,bac_rouge,TP,False,False,0.4255,0.9191,499.0,341.0,500.41,342.25,1.88,455,316,543,366,best.pt,0.1
6,15.400000000,synth_camera_left,cube_rouge,cube_rouge,cube_rouge,TP,False,False,0.9193,0.8954,588.0,358.5,588.34,359.82,1.36,566,339,610,378,best.pt,0.1
6,15.400000000,synth_camera_left,bac_vert,bac_vert,bac_jaune,mauvaise_classe,False,False,0.3662,0.8399,421.0,276.0,422.0,278.27,2.48,391,260,451,292,best.pt,0.1
6,15.400000000,synth_camera_left,cube_bleu,cube_bleu,cube_bleu,TP,False,False,0.6864,0.8099,545.5,308.5,547.06,311.24,3.16,523,290,568,327,best.pt,0.1
6,15.400000000,synth_camera_left,cylindre_vert,cylindre_vert,cylindre_vert,TP,False,False,0.4565,0.7456,433.0,337.0,434.0,339.17,2.38,418,316,448,358,best.pt,0.1
6,15.400000000,synth_camera_left,pave_jaune,pave_jaune,,FN,False,False,,,,,,,,,,,,best.pt,0.1
6,15.400000000,synth_camera_left,bac_jaune,bac_jaune,,FN,False,False,,,,,,,,,,,,best.pt,0.1
6,15.400000000,synth_camera_left,bac_bleu,bac_bleu,,FN,False,False,,,,,,,,,,,,best.pt,0.1
6,15.400000000,synth_camera_left,,,bac_bleu,FP,,,0.1205,,,,,,,294,280,354,335,best.pt,0.1
6,15.400000000,synth_camera_right,bac_vert,bac_vert,bac_vert,TP,False,False,0.9039,0.919,168.0,367.0,168.52,369.18,2.24,120,337,216,397,best.pt,0.1
6,15.400000000,synth_camera_right,cube_bleu,cube_bleu,cube_bleu,TP,False,False,0.8702,0.8566,97.5,304.5,97.24,307.01,2.52,76,287,119,322,best.pt,0.1
6,15.400000000,synth_camera_right,cube_rouge,cube_rouge,cube_rouge,TP,False,False,0.71,0.8262,132.5,276.0,132.53,277.81,1.81,119,264,146,288,best.pt,0.1
6,15.400000000,synth_camera_right,pave_jaune,pave_jaune,,FN,False,False,,,,,,,,,,,,best.pt,0.1
6,15.400000000,synth_camera_right,cylindre_vert,cylindre_vert,,FN,False,False,,,,,,,,,,,,best.pt,0.1
6,15.400000000,synth_camera_right,bac_rouge,bac_rouge,,FN,False,False,,,,,,,,,,,,best.pt,0.1
6,15.400000000,synth_camera_right,bac_jaune,bac_jaune,,FN,False,False,,,,,,,,,,,,best.pt,0.1
6,15.400000000,synth_camera_right,bac_bleu,bac_bleu,,FN,False,False,,,,,,,,,,,,best.pt,0.1
6,15.400000000,synth_camera_top,bac_jaune,bac_jaune,bac_vert,mauvaise_classe,False,False,0.6167,0.9512,257.5,39.5,257.55,40.79,1.29,229,9,286,70,best.pt,0.1
6,15.400000000,synth_camera_top,bac_bleu,bac_bleu,bac_bleu,TP,False,False,0.4565,0.9366,304.0,103.0,303.33,104.26,1.43,276,73,332,133,best.pt,0.1
6,15.400000000,synth_camera_top,bac_vert,bac_vert,bac_vert,TP,False,False,0.8809,0.9297,226.5,125.5,226.94,127.22,1.78,197,96,256,155,best.pt,0.1
6,15.400000000,synth_camera_top,bac_rouge,bac_rouge,bac_rouge,TP,False,False,0.9072,0.9278,371.0,89.5,371.98,90.74,1.58,342,60,400,119,best.pt,0.1
6,15.400000000,synth_camera_top,cube_bleu,cube_bleu,cube_bleu,TP,False,False,0.9739,0.8773,324.5,26.0,324.78,27.48,1.5,310,7,339,45,best.pt,0.1
6,15.400000000,synth_camera_top,cube_rouge,cube_rouge,cube_rouge,TP,False,False,0.8759,0.8649,406.5,30.0,406.43,32.1,2.1,394,15,419,45,best.pt,0.1
6,15.400000000,synth_camera_top,pave_jaune,pave_jaune,pave_jaune,TP,False,False,0.5848,0.8404,365.5,28.0,365.33,30.26,2.27,357,10,374,46,best.pt,0.1
6,15.400000000,synth_camera_top,cylindre_vert,cylindre_vert,cylindre_vert,TP,False,False,0.9641,0.8369,378.0,143.5,378.76,145.21,1.87,365,130,391,157,best.pt,0.1
