seed,stamp,camera,object_id,gt_class,yolo_class,verdict,cachee,tronquee,confidence,iou,u_yolo,v_yolo,u_gt,v_gt,pixel_error,x_yolo,y_yolo,x_gt,y_gt,erreur_3d_mm,x_min,y_min,x_max,y_max,poids,seuil
4,10.600000000,synth_camera,bac_vert,bac_vert,bac_vert,TP,False,False,0.8056,0.9581,319.5,383.0,319.21,384.14,1.18,0.21477,-0.00069,0.21239,-0.001,2.4,278,351,361,415,best.pt,0.1
4,10.600000000,synth_camera,pave_jaune,pave_jaune,pave_jaune,TP,False,True,0.1224,0.8958,189.0,452.5,189.93,454.25,1.98,0.35465,-0.14267,0.36725,-0.13719,13.74,168,426,210,479,best.pt,0.1
4,10.600000000,synth_camera,cube_bleu,cube_bleu,cube_bleu,TP,False,False,0.9124,0.8932,399.0,360.0,399.86,361.82,2.02,0.17212,0.11369,0.17551,0.11308,3.44,378,335,420,385,best.pt,0.1
4,10.600000000,synth_camera,cube_rouge,cube_rouge,cube_rouge,TP,False,False,0.4742,0.8707,455.5,364.5,456.51,366.25,2.02,0.17599,0.1944,0.17965,0.19393,3.69,437,344,474,385,best.pt,0.1
4,10.600000000,synth_camera,bac_bleu,bac_bleu,bac_bleu,TP,False,False,0.1027,0.8676,217.5,392.5,214.85,394.45,3.29,0.23669,-0.13533,0.23582,-0.13364,1.9,173,359,262,426,best.pt,0.1
4,10.600000000,synth_camera,bac_rouge,bac_rouge,bac_rouge,TP,False,True,0.7473,0.834,288.0,447.0,280.61,447.32,7.4,0.34007,-0.03585,0.35736,-0.03846,17.48,240,414,336,480,best.pt,0.1
4,10.600000000,synth_camera,cylindre_vert,cylindre_vert,cylindre_vert,TP,False,True,0.4894,0.7637,447.5,462.5,448.74,463.21,1.43,0.37531,0.13337,0.4045,0.12569,30.18,424,446,471,479,best.pt,0.1
4,10.600000000,synth_camera,bac_jaune,bac_jaune,,FN,False,False,,,,,,,,,,,,,,,,,best.pt,0.1
4,10.600000000,synth_camera_left,bac_vert,bac_vert,bac_vert,TP,False,False,0.9585,0.9047,441.5,313.5,441.89,315.22,1.76,0.21642,0.00158,0.21239,-0.001,4.78,405,293,478,334,best.pt,0.1
4,10.600000000,synth_camera_left,bac_bleu,bac_bleu,bac_bleu,TP,False,False,0.1111,0.8892,478.0,351.5,478.54,354.07,2.63,0.24096,-0.13081,0.23582,-0.13364,5.86,433,324,523,379,best.pt,0.1
4,10.600000000,synth_camera_left,pave_jaune,pave_jaune,pave_jaune,TP,False,False,0.1077,0.877,563.0,349.5,563.89,350.91,1.66,0.36857,-0.13357,0.36725,-0.13719,3.85,541,332,585,367,best.pt,0.1
4,10.600000000,synth_camera_left,cube_bleu,cube_bleu,cube_bleu,TP,False,False,0.6498,0.8143,408.0,282.0,408.64,284.69,2.76,0.17737,0.12581,0.17551,0.11308,12.87,393,266,423,298,best.pt,0.1
4,10.600000000,synth_camera_left,cube_rouge,cube_rouge,,FN,True,False,,,,,,,,,,,,,,,,,best.pt,0.1
4,10.600000000,synth_camera_left,cylindre_vert,cylindre_vert,,FN,False,False,,,,,,,,,,,,,,,,,best.pt,0.1
4,10.600000000,synth_camera_left,bac_rouge,bac_rouge,,FN,False,False,,,,,,,,,,,,,,,,,best.pt,0.1
4,10.600000000,synth_camera_left,bac_jaune,bac_jaune,,FN,False,False,,,,,,,,,,,,,,,,,best.pt,0.1
4,10.600000000,synth_camera_right,bac_vert,bac_vert,bac_vert,TP,False,False,0.7554,0.9098,198.0,313.0,198.38,314.72,1.76,0.21779,-0.00362,0.21239,-0.001,6.0,161,293,235,333,best.pt,0.1
4,10.600000000,synth_camera_right,cube_rouge,cube_rouge,cube_rouge,TP,False,False,0.8643,0.8934,190.5,370.0,190.99,371.76,1.83,0.18218,0.19041,0.17965,0.19393,4.33,172,350,209,390,best.pt,0.1
4,10.600000000,synth_camera_right,cube_bleu,cube_bleu,cube_bleu,TP,False,False,0.9006,0.8843,206.0,338.5,206.17,340.42,1.93,0.1781,0.10847,0.17551,0.11308,5.29,186,317,226,360,best.pt,0.1
4,10.600000000,synth_camera_right,pave_jaune,pave_jaune,,FN,False,False,,,,,,,,,,,,,,,,,best.pt,0.1
4,10.600000000,synth_camera_right,cylindre_vert,cylindre_vert,,FN,False,False,,,,,,,,,,,,,,,,,best.pt,0.1
4,10.600000000,synth_camera_right,bac_rouge,bac_rouge,,FN,False,False,,,,,,,,,,,,,,,,,best.pt,0.1
4,10.600000000,synth_camera_right,bac_jaune,bac_jaune,,FN,False,False,,,,,,,,,,,,,,,,,best.pt,0.1
4,10.600000000,synth_camera_right,bac_bleu,bac_bleu,,FN,False,False,,,,,,,,,,,,,,,,,best.pt,0.1
4,10.600000000,synth_camera_right,,,cube_bleu,FP,,,0.2364,,,,,,,,,,,,185,316,227,335,best.pt,0.1
4,10.600000000,synth_camera_top,bac_vert,bac_vert,bac_vert,TP,False,False,0.9783,0.9607,320.5,126.5,320.54,127.35,0.86,0.21491,-0.00095,0.21239,-0.001,2.52,292,97,349,156,best.pt,0.1
4,10.600000000,synth_camera_top,bac_bleu,bac_bleu,bac_bleu,TP,False,False,0.3257,0.9314,390.5,113.5,391.04,114.98,1.57,0.23953,-0.13349,0.23582,-0.13364,3.71,361,84,420,143,best.pt,0.1
4,10.600000000,synth_camera_top,bac_jaune,bac_jaune,bac_vert,mauvaise_classe,False,False,0.5079,0.9278,242.5,81.5,242.04,83.29,1.85,0.30012,0.14675,0.29581,0.14674,4.3,214,51,271,112,best.pt,0.1
4,10.600000000,synth_camera_top,bac_rouge,bac_rouge,bac_rouge,TP,False,False,0.1165,0.9071,339.5,49.0,340.64,50.78,2.11,0.36166,-0.03692,0.35736,-0.03846,4.56,311,19,368,79,best.pt,0.1
4,10.600000000,synth_camera_top,cylindre_vert,cylindre_vert,cylindre_vert,TP,False,False,0.9525,0.8793,252.0,22.0,252.54,23.59,1.68,0.40837,0.12738,0.4045,0.12569,4.22,238,5,266,39,best.pt,0.1
4,10.600000000,synth_camera_top,cube_bleu,cube_bleu,cube_bleu,TP,False,False,0.9771,0.8493,258.5,144.0,259.23,145.88,2.01,0.17983,0.11521,0.17551,0.11308,4.82,243,128,274,160,best.pt,0.1
4,10.600000000,synth_camera_top,pave_jaune,pave_jaune,pave_jaune,TP,False,False,0.8769,0.8466,393.0,42.5,393.05,44.62,2.12,0.37196,-0.13749,0.36725,-0.13719,4.72,383,25,403,60,best.pt,0.1
4,10.600000000,synth_camera_top,cube_rouge,cube_rouge,cube_rouge,TP,False,False,0.7639,0.8199,215.5,143.0,216.76,144.34,1.84,0.18268,0.19681,0.17965,0.19393,4.19,203,130,228,156,best.pt,0.1
